<?xml version="1.0" encoding="UTF-8"?>
<eml:eml xmlns:eml="eml://ecoinformatics.org/eml-2.1.1" xmlns:dc="http://purl.org/dc/terms/" xmlns:xsi="http://www.w3.org/2001/XMLSchema-instance" xsi:schemaLocation="eml://ecoinformatics.org/eml-2.1.1 http://rs.gbif.org/schema/eml-gbif-profile/1.0.1/eml.xsd" packageId="1fff4735-ab73-4c00-9337-f7117ee9cf5a" system="https://symbiota.org" scope="system" xml:lang="eng"><dataset><alternateIdentifier>https://ecdysis.org/collections/misc/collprofiles.php?collid=81</alternateIdentifier><title xml:lang="eng">Florida State Collection of Arthropods</title><creator id="b925ff4c-8eba-495c-b5ed-852c7affb2ea"><organizationName>Ecdysis Portal</organizationName><electronicMailAddress></electronicMailAddress><onlineUrl>https://ecdysis.org/index.php</onlineUrl></creator><metadataProvider><organizationName>Ecdysis Portal</organizationName><electronicMailAddress></electronicMailAddress><onlineUrl>https://ecdysis.org/index.php</onlineUrl></metadataProvider><pubDate>2025-07-16</pubDate><language>eng</language><abstract><para>The Florida State Collection of Arthropods is worldwide in scope. Earlier accumulations, primarily from Florida and the southeastern United States, still form a large portion of the collection; however, most insect groups have worldwide representation, with particular strengths for circum-Caribbean and South American regions. In recent years much new material has been obtained, through surveys or exchanges, from the Neotropics, parts of Africa (especially South Africa) and Asia (especially Indonesia and Taiwan).&#13;
Among the 22,400 drawers of pinned insects, 352,000+ slides, and 294,200+ vials of the Museum of Entomology, are an estimated 9 million prepared specimens including over 2,500 primary and at least 30,000 secondary types. Millions more specimens are in the estimated 20,000 bulk alcohol containers and various dry samples from around the world. These, together with the other holdings, place the FSCA among the top 10 North American entomological collections.</para></abstract><contact><organizationName>Florida State Collection of Arthropods</organizationName><phone></phone><electronicMailAddress></electronicMailAddress><userId>https://orcid.org/0000-0002-1048-6345</userId><onlineUrl>https://thefsca.org/</onlineUrl><addr><deliveryPoint>1911 SW 34th Street</deliveryPoint><city>Gainesville</city><administrativeArea>FL</administrativeArea><postalCode>32608</postalCode><country>United States</country></addr></contact><associatedParty><individualName><surName>Talamas</surName><givenName>Elijah</givenName></individualName><electronicMailAddress></electronicMailAddress><userId>https://orcid.org/0000-0002-1048-6345</userId><role>contentProvider</role></associatedParty><intellectualRights><para>To the extent possible under law, the publisher has waived all rights to these data and has dedicated them to the <ulink url="http://creativecommons.org/publicdomain/zero/1.0/"><citetitle></citetitle></ulink></para></intellectualRights></dataset><additionalMetadata><metadata><symbiota id="b925ff4c-8eba-495c-b5ed-852c7affb2ea"><dateStamp>2025-07-16T15:15:32-07:00</dateStamp><citation identifier="883d11a8-bfa4-47e6-9b99-6329a45e59ea">Ecdysis Portal - 883d11a8-bfa4-47e6-9b99-6329a45e59ea</citation><physical><characterEncoding>UTF-8</characterEncoding><dataFormat><externallyDefinedFormat><formatName>Darwin Core Archive</formatName></externallyDefinedFormat></dataFormat></physical><collection identifier="17fb5c4e-64ed-4da9-84ec-af6ae89b47c9" id="81"><alternateIdentifier>https://ecdysis.org/collections/misc/collprofiles.php?collid=81</alternateIdentifier><parentCollectionIdentifier>FSCA</parentCollectionIdentifier><collectionIdentifier></collectionIdentifier><collectionName>Florida State Collection of Arthropods</collectionName><onlineUrl>https://thefsca.org/</onlineUrl><intellectualRights>http://creativecommons.org/publicdomain/zero/1.0/</intellectualRights><associatedParty><individualName><surName>Talamas</surName><givenName>Elijah</givenName></individualName><electronicMailAddress></electronicMailAddress><userId>https://orcid.org/0000-0002-1048-6345</userId></associatedParty><abstract><para>&lt;p&gt;The Florida State Collection of Arthropods is worldwide in scope. Earlier accumulations, primarily from Florida and the southeastern United States, still form a large portion of the collection; however, most insect groups have worldwide representation, with particular strengths for circum-Caribbean and South American regions. In recent years much new material has been obtained, through surveys or exchanges, from the Neotropics, parts of Africa (especially South Africa) and Asia (especially Indonesia and Taiwan).&lt;/p&gt;&#13;
&lt;p&gt;Among the 22,400 drawers of pinned insects, 352,000+ slides, and 294,200+ vials of the Museum of Entomology, are an estimated 9 million prepared specimens including over 2,500 primary and at least 30,000 secondary types. Millions more specimens are in the estimated 20,000 bulk alcohol containers and various dry samples from around the world. These, together with the other holdings, place the FSCA among the top 10 North American entomological collections.&lt;/p&gt;</para></abstract></collection></symbiota></metadata></additionalMetadata></eml:eml>
